{
    "name": "root",
    "metadata": {
        "timer_format_version": "0.1.0",
        "start_time_seconds": "1712838983",
        "python_version": "3.10.12 | packaged by Anaconda, Inc. | (main, Jul  5 2023, 19:01:18) [MSC v.1916 64 bit (AMD64)]",
        "command_line_arguments": "C:\\Users\\pfaff\\anaconda3\\envs\\mlagents\\Scripts\\mlagents-learn config/rollerball_config.yaml --run-id=MLAgent --force",
        "mlagents_version": "1.1.0.dev0",
        "mlagents_envs_version": "1.1.0.dev0",
        "communication_protocol_version": "1.5.0",
        "pytorch_version": "2.2.2+cu121",
        "numpy_version": "1.23.5",
        "end_time_seconds": "1712839094"
    },
    "total": 111.35206689999904,
    "count": 1,
    "self": 0.005777299986220896,
    "children": {
        "run_training.setup": {
            "total": 0.08205890000681393,
            "count": 1,
            "self": 0.08205890000681393
        },
        "TrainerController.start_learning": {
            "total": 111.26423070000601,
            "count": 1,
            "self": 0.00012310000602155924,
            "children": {
                "TrainerController._reset_env": {
                    "total": 8.389175799995428,
                    "count": 1,
                    "self": 8.389175799995428
                },
                "TrainerController.advance": {
                    "total": 101.87506900000153,
                    "count": 1,
                    "self": 2.0100007532164454e-05,
                    "children": {
                        "env_step": {
                            "total": 101.875048899994,
                            "count": 1,
                            "self": 101.87504240000271,
                            "children": {
                                "SubprocessEnvManager._take_step": {
                                    "total": 6.499991286545992e-06,
                                    "count": 1,
                                    "self": 6.499991286545992e-06
                                }
                            }
                        }
                    }
                },
                "TrainerController._save_models": {
                    "total": 0.9998628000030294,
                    "count": 1,
                    "self": 0.01926699999603443,
                    "children": {
                        "RLTrainer._checkpoint": {
                            "total": 0.980595800006995,
                            "count": 1,
                            "self": 0.980595800006995
                        }
                    }
                }
            }
        }
    }
}